,State_Name,State_District_Name,Diarrhoea_Dysentery,respiratory_infection,fever,Diabetes,hypertension,Tuberculosis,Asthama
0,Assam,Barpeta,0.752,0.29,2.721,0.847,2.449,0.234,0.929
1,Assam,Bongaigaon,0.359,0.634,2.906,0.452,2.336,0.126,0.466
2,Assam,Cachar,3.368,4.453,9.987,1.194,5.299,0.299,0.651
3,Assam,Darrang,0.305,0.455,2.054,0.371,1.833,0.293,0.539
4,Assam,Dhemaji,0.614,1.654,2.704,0.349,1.522,0.137,0.286
5,Assam,Dhubri,0.778,0.674,3.079,0.481,1.454,0.421,1.134
6,Assam,Dibrugarh,1.445,8.548,5.556,1.33,6.555,0.364,0.68
7,Assam,Goalpara,1.232,0.518,2.968,0.462,1.99,0.216,0.433
8,Assam,Golaghat,2.118,9.599,4.563,0.922,7.346,0.51,0.701
9,Assam,Hailakandi,3.602,12.433,2.671,0.971,3.832,0.331,0.7
10,Assam,Jorhat,1.888,11.031,3.308,1.296,8.122,0.343,0.885
11,Assam,Kamrup,0.629,0.529,2.812,1.459,3.19,0.138,0.232
12,Assam,Karbi Anglong,1.684,10.274,3.73,0.628,4.205,0.22,0.356
13,Assam,Karimganj,3.245,9.79,5.671,0.931,4.687,0.35,0.767
14,Assam,Kokrajhar,0.397,3.225,0.748,0.237,1.362,0.155,0.283
15,Assam,Lakhimpur,0.663,0.362,2.124,0.694,2.252,0.219,0.511
16,Assam,Marigaon,0.719,0.078,2.892,0.499,1.659,0.307,0.77
17,Assam,Nagaon,2.111,16.841,2.378,1.443,6.767,0.324,1.058
18,Assam,Nalbari,0.66,0.664,2.528,1.017,3.634,0.128,0.625
19,Assam,North Cachar Hills,2.313,4.168,3.217,0.642,2.888,0.077,0.174
20,Assam,Sibsagar,1.836,7.412,2.808,1.174,7.077,0.256,0.438
21,Assam,Sonitpur,0.759,0.445,1.269,0.654,2.528,0.303,0.402
22,Assam,Tinsukia,1.799,9.76,3.372,1.074,5.166,0.496,0.451
23,Bihar,Araria,3.134,4.584,13.187,0.171,0.514,0.294,0.886
24,Bihar,Aurangabad,0.535,1.469,3.786,0.477,1.324,0.466,0.707
25,Bihar,Banka,0.412,2.798,6.162,0.468,0.774,0.502,1.234
26,Bihar,Begusarai,0.89,4.709,7.463,0.531,1.055,0.965,3.879
27,Bihar,Bhagalpur,0.316,3.099,4.85,0.563,0.861,0.495,0.96
28,Bihar,Bhojpur,0.255,0.877,2.619,0.535,0.778,0.275,0.713
29,Bihar,Buxar,0.237,1.743,4.189,0.511,0.616,0.245,0.967
30,Bihar,Darbhanga,2.514,8.593,9.371,0.24,0.805,0.347,1.363
31,Bihar,Gaya,0.554,1.885,4.28,0.449,0.794,0.497,1.098
32,Bihar,Gopalganj,2.025,4.578,4.851,0.432,0.83,0.126,0.801
33,Bihar,Jamui,0.39,0.945,5.288,0.277,0.436,0.364,0.889
34,Bihar,Jehanabad,0.263,4.859,1.085,0.446,0.788,0.436,1.315
35,Bihar,Kaimur (Bhabua),0.39,2.161,4.88,0.314,0.81,0.403,1.383
36,Bihar,Katihar,2.176,4.88,10.357,0.358,0.699,0.408,0.912
37,Bihar,Khagaria,2.464,2.051,3.885,0.283,0.737,0.468,1.406
38,Bihar,Kishanganj,3.899,5.352,16.517,0.196,0.582,0.152,0.591
39,Bihar,Lakhisarai,0.388,3.461,5.171,0.572,1.139,0.573,2.38
40,Bihar,Madhepura,1.849,2.416,7.974,0.22,0.485,0.521,0.887
41,Bihar,Madhubani,2.28,6.771,6.139,0.205,1.004,0.219,0.951
42,Bihar,Munger,0.172,1.011,3.862,0.634,0.605,0.419,1.18
43,Bihar,Muzaffarpur,2.698,5.166,6.842,0.342,1.154,0.482,1.157
44,Bihar,Nalanda,0.783,6.419,2.431,0.448,1.073,0.524,1.311
45,Bihar,Nawada,0.671,2.431,2.729,0.339,0.879,0.37,1.263
46,Bihar,Pashchim Champaran,3.384,7.293,12.656,0.252,0.749,0.522,1.179
47,Bihar,Patna,0.202,4.442,1.979,1.058,0.902,0.442,1.209
48,Bihar,Purba Champaran,4.435,6.517,12.495,0.38,0.948,0.222,1.088
49,Bihar,Purnia,4.736,12.735,8.134,0.302,0.593,0.478,1.176
50,Bihar,Rohtas,0.307,4.27,4.802,0.494,1.283,0.469,1.315
51,Bihar,Saharsa,3.43,2.303,10.02,0.267,0.621,0.426,1.058
52,Bihar,Samastipur,2.5,4.381,5.445,0.218,0.82,0.205,1.837
53,Bihar,Saran,1.519,2.52,4.943,0.24,0.598,0.235,1.05
54,Bihar,Sheikhpura,0.428,5.28,2.569,0.49,1.114,0.453,1.378
55,Bihar,Sheohar,3.915,9.026,16.778,0.117,0.611,0.407,1.406
56,Bihar,Sitamarhi,4.792,11.903,8.988,0.272,1.073,0.195,1.341
57,Bihar,Siwan,1.347,1.647,2.919,0.298,0.472,0.14,0.385
58,Bihar,Supaul,2.126,3.365,6.398,0.149,0.487,0.232,0.769
59,Bihar,Vaishali,1.519,5.984,8.236,0.313,0.906,0.34,0.95
60,Chhattisgarh,Bastar,1.04271,0.8800399999999999,1.90282,0.30701,0.22041999999999998,0.06584999999999999,0.25639999999999996
61,Chhattisgarh,Bilaspur,0.7082999999999999,4.94503,3.4593000000000003,0.8208799999999999,0.77901,0.14526,0.60081
62,Chhattisgarh,Dantewada,2.1493,0.43321,5.20134,0.18566999999999997,0.12795,0.11562,0.47013
63,Chhattisgarh,Dhamtari,2.25932,12.21186,4.12904,0.61173,1.0417100000000001,0.2373,0.56831
64,Chhattisgarh,Durg,0.46332999999999996,1.5447,4.110609999999999,0.7224299999999999,0.78383,0.10908,0.5890599999999999
65,Chhattisgarh,Janjgir-Champa,0.81572,4.52956,9.32287,0.29295,0.433,0.26233999999999996,0.3872
66,Chhattisgarh,Jashpur,1.01835,5.69192,10.03267,0.29004,0.2319,0.32493,0.56467
67,Chhattisgarh,Kanker,0.39576,2.44327,3.45016,0.51003,0.36628,0.15099,0.67953
68,Chhattisgarh,Kawardha,2.01042,4.0966000000000005,8.76956,0.3306,0.30468,0.25318,0.99383
69,Chhattisgarh,Korba,0.92022,3.12077,6.7801599999999995,0.71629,0.6908500000000001,0.23533,0.31518999999999997
70,Chhattisgarh,Koriya,1.08102,1.30424,4.87816,0.7406900000000001,0.44288,0.19725,0.55298
71,Chhattisgarh,Mahasamund,0.7460399999999999,1.89575,18.0104,0.44077,0.52932,0.24373,0.16113
72,Chhattisgarh,Raigarh,0.8803500000000001,6.4707,10.04725,0.50044,0.5538500000000001,0.32108,0.14181
73,Chhattisgarh,Raipur,0.28589,2.78306,2.52461,0.6084400000000001,0.58949,0.18988,0.2575
74,Chhattisgarh,Rajnandgaon,1.29154,2.89743,13.75556,0.57198,0.8785,0.16072,0.37323
75,Chhattisgarh,Surguja,0.68768,1.77937,6.29507,0.31729,0.35370999999999997,0.24022,0.27732
76,Jharkhand,Bokaro,0.178,0.933,1.785,1.608,1.447,0.189,0.43
77,Jharkhand,Chatra,0.374,3.438,3.453,0.33,0.333,0.235,0.396
78,Jharkhand,Deoghar,0.169,2.226,1.707,0.486,0.352,0.299,0.491
79,Jharkhand,Dhanbad,0.36,4.098,2.591,1.534,1.516,0.288,0.658
80,Jharkhand,Dumka,0.316,3.293,1.688,0.474,0.703,0.53,0.48
81,Jharkhand,Garhwa,0.233,2.224,2.61,0.264,0.408,0.297,0.305
82,Jharkhand,Giridih,0.189,2.174,2.687,0.257,0.315,0.273,0.455
83,Jharkhand,Godda,0.184,1.859,2.239,0.346,0.53,0.358,0.671
84,Jharkhand,Gumla,0.883,4.708,4.473,0.401,0.533,0.271,0.19
85,Jharkhand,Hazaribagh,0.372,4.258,3.419,0.62,0.539,0.212,0.456
86,Jharkhand,Kodarma,0.248,1.632,2.3,0.49,0.377,0.217,0.502
87,Jharkhand,Lohardaga,0.4,6.526,2.625,0.602,0.814,0.263,0.233
88,Jharkhand,Pakaur,0.79,0.88,4.719,0.268,0.31,0.578,0.531
89,Jharkhand,Palamu,0.229,2.25,2.96,0.286,0.358,0.335,0.363
90,Jharkhand,Pashchimi Singhbhum,0.564,6.29,4.107,0.608,0.953,0.443,0.201
91,Jharkhand,Purbi Singhbhum,0.375,7.061,1.866,1.417,1.524,0.24,0.281
92,Jharkhand,Ranchi,0.223,2.071,3.26,1.316,1.212,0.232,0.277
93,Jharkhand,Sahibganj,0.505,1.129,3.561,0.342,0.372,0.557,0.586
94,Madhya Pradesh,Balaghat,0.41622000000000003,1.7508,15.54268,0.24305000000000002,0.67271,0.10068,0.32985000000000003
95,Madhya Pradesh,Barwani,0.4,1.95649,5.888529999999999,0.32571,0.43933,0.17923,0.46318
96,Madhya Pradesh,Betul,0.99407,1.2552699999999999,14.23682,0.20576,0.4172,0.0948,0.5037200000000001
97,Madhya Pradesh,Bhind,0.10969,1.67679,2.1811599999999998,0.22807,0.323,0.24347,0.68149
98,Madhya Pradesh,Bhopal,0.46091000000000004,2.21281,3.23841,1.08674,2.4741,0.27303,0.97299
99,Madhya Pradesh,Chhatarpur,1.03346,0.74685,7.94858,0.21126,0.34807,0.08364,0.197
100,Madhya Pradesh,Chhindwara,0.46455,3.3945100000000004,6.9852,0.4218,0.49245999999999995,0.05965,0.46746
101,Madhya Pradesh,Damoh,1.36227,2.32478,8.90765,0.30491,0.73841,0.18183000000000002,0.5782999999999999
102,Madhya Pradesh,Datia,0.46573000000000003,1.5603699999999998,1.95732,0.21908000000000002,0.25574,0.24543,0.74786
103,Madhya Pradesh,Dewas,0.07456,1.06128,1.79291,0.36517,1.21424,0.1697,0.77052
104,Madhya Pradesh,Dhar,0.25758,0.19418000000000002,2.943,0.22207,0.46174,0.17931,0.29821
105,Madhya Pradesh,Dindori,0.6234500000000001,6.697439999999999,6.35584,0.23715,0.33666,0.07776999999999999,0.5078
106,Madhya Pradesh,East Nimar,0.56136,4.02102,4.58791,0.24599000000000001,0.32425,0.23983000000000002,0.39325
107,Madhya Pradesh,Guna,0.76976,1.5729000000000002,4.88056,0.18644999999999998,0.36656,0.16025,0.25929
108,Madhya Pradesh,Gwalior,0.15929,1.96306,1.6838499999999998,0.58984,0.44076,0.16766999999999999,0.6877300000000001
109,Madhya Pradesh,Harda,0.40485000000000004,0.5146499999999999,5.2538800000000005,0.35486,0.76118,0.08162,0.44051999999999997
110,Madhya Pradesh,Hoshangabad,0.79061,1.6624700000000001,11.43405,0.46053,0.7049,0.11251,0.39842
111,Madhya Pradesh,Indore,0.47961000000000004,1.14431,2.33448,1.06904,1.9327999999999999,0.23142,0.58072
112,Madhya Pradesh,Jabalpur,0.97537,1.5784200000000002,5.34005,1.07339,1.72245,0.09368000000000001,0.34164999999999995
113,Madhya Pradesh,Jhabua,0.38437,1.666,2.2884499999999997,0.1148,0.206,0.17698,0.17859
114,Madhya Pradesh,Katni,0.86594,1.10695,9.48626,0.38293,0.57029,0.17618999999999999,0.43442000000000003
115,Madhya Pradesh,Mandla,1.7076600000000002,5.32951,10.23789,0.3054,0.39327,0.12943000000000002,0.40351
116,Madhya Pradesh,Mandsaur,0.40391000000000005,1.16183,5.80737,0.3527,0.87252,0.27217,1.1245
117,Madhya Pradesh,Morena,0.5130399999999999,1.5634000000000001,3.00147,0.19785,0.29631,0.24835,0.81241
118,Madhya Pradesh,Narsimhapur,0.61309,1.31678,8.01509,0.22407,0.5643400000000001,0.13848,0.33663
119,Madhya Pradesh,Neemuch,0.2514,4.41647,3.68295,0.44805,1.42102,0.30677,0.82359
120,Madhya Pradesh,Panna,1.2978,1.66043,5.21776,0.26156,0.41354,0.18439,0.24375
121,Madhya Pradesh,Raisen,1.23278,3.532,3.77656,0.1958,0.45261,0.06783,0.25583
122,Madhya Pradesh,Rajgarh,0.55941,2.2564699999999998,3.07085,0.31239,0.56843,0.24839,0.60489
123,Madhya Pradesh,Ratlam,0.355,2.22861,2.62158,0.66307,1.27174,0.26892,0.7776799999999999
124,Madhya Pradesh,Rewa,1.10772,0.78806,12.89876,0.47039,0.8741,0.17623,0.65664
125,Madhya Pradesh,Sagar,1.84303,1.36601,4.78853,0.46414999999999995,1.16324,0.20436,0.55616
126,Madhya Pradesh,Satna,0.65627,1.20391,6.28771,0.2622,0.54535,0.14880000000000002,0.62303
127,Madhya Pradesh,Sehore,0.23599,1.7642,3.23653,0.2675,0.78032,0.23729,0.48845
128,Madhya Pradesh,Seoni,1.02331,5.51055,10.924299999999999,0.19819,1.00679,0.0654,0.48313
129,Madhya Pradesh,Shahdol,0.46542,1.8415899999999998,11.019549999999999,0.5334,0.93879,0.05613,0.24996000000000002
130,Madhya Pradesh,Shajapur,0.14337,1.4392,3.82639,0.35583,1.1065399999999999,0.28678,0.53941
131,Madhya Pradesh,Sheopur,0.20136,2.13115,1.49841,0.14477,0.13963,0.35254,0.30669
132,Madhya Pradesh,Shivpuri,0.2294,1.5063499999999999,2.3926399999999997,0.19061,0.20853,0.15874000000000002,0.14981
133,Madhya Pradesh,Sidhi,0.8459099999999999,0.84925,11.13834,0.27354,0.20521,0.11219,0.31056
134,Madhya Pradesh,Tikamgarh,1.2923099999999998,0.2286,6.13273,0.1759,0.16903,0.20759,0.17734
135,Madhya Pradesh,Ujjain,0.36431,1.7564300000000002,4.47304,0.56345,1.15067,0.22762000000000002,0.85964
136,Madhya Pradesh,Umaria,0.41613,1.759,10.70356,0.22527,0.34266,0.15530000000000002,0.21888
137,Madhya Pradesh,Vidisha,0.5900599999999999,1.48576,12.72551,0.26073,0.85845,0.19663999999999998,0.34291000000000005
138,Madhya Pradesh,West Nimar,0.19119,2.14445,3.2911599999999996,0.26653,0.56825,0.13955,0.74725
139,Odisha,Anugul,0.83135,0.26533,5.6697299999999995,1.23305,1.0236,0.12624,0.32225
140,Odisha,Balangir,0.67941,0.48436,7.3054,0.67576,1.57684,0.23294,0.35542
141,Odisha,Baleshwar,0.78013,0.19324000000000002,10.10905,0.5664600000000001,0.9436100000000001,0.08303,0.24267
142,Odisha,Bargarh,1.0634700000000001,1.3311099999999998,6.02398,0.7947799999999999,0.94988,0.1741,0.43207
143,Odisha,Baudh,0.25579,3.05395,6.24428,0.37272000000000005,0.89679,0.14216,0.4992
144,Odisha,Bhadrak,0.9549,5.10384,5.86193,0.86366,2.31418,0.17887,0.76298
145,Odisha,Cuttack,0.37527,0.50529,6.2973,2.0510900000000003,2.9254499999999997,0.13668,1.7083499999999998
146,Odisha,Debagarh,1.6957,0.16723,11.46172,0.56208,1.24444,0.18422999999999998,0.72127
147,Odisha,Dhenkanal,1.5121600000000002,0.40614999999999996,9.11774,1.18011,2.4778000000000002,0.24555000000000002,0.19816999999999999
148,Odisha,Gajapati,0.6489299999999999,0.51949,5.02489,0.90038,2.5164299999999997,0.35981,0.46018000000000003
149,Odisha,Ganjam,0.47262,3.89683,1.9834200000000002,1.2099000000000002,1.85033,0.25289,0.51139
150,Odisha,Jagatsinghapur,0.41524,0.7947000000000001,5.89329,1.99325,2.73396,0.16929,2.1465
151,Odisha,Jajapur,2.00068,0.24963,9.87569,1.28607,2.80537,0.24663,0.59294
152,Odisha,Jharsuguda,0.8967200000000001,3.4053400000000003,3.95255,1.23685,2.99864,0.23497,0.42688
153,Odisha,Kalahandi,0.13276,0.07545,6.4558,0.5918300000000001,1.43581,0.20822,0.38773
154,Odisha,Kandhamal,0.48344,0.88498,6.97565,0.53232,1.2914700000000001,0.29037,0.7271799999999999
155,Odisha,Kendrapara,1.31779,0.11799,6.04683,1.07027,1.35148,0.12943000000000002,0.66077
156,Odisha,Kendujhar,1.27102,0.23856,8.64871,0.45136000000000004,0.7403,0.053590000000000006,0.15552000000000002
157,Odisha,Khordha,0.39282999999999996,1.7488800000000002,6.31989,2.68346,3.3701,0.18569999999999998,1.8834600000000001
158,Odisha,Koraput,0.39729000000000003,0.1415,3.36895,0.48137,0.70285,0.18325999999999998,0.25914
159,Odisha,Malkangiri,0.37425,1.65602,11.05958,0.19322999999999999,0.33659,0.11751,0.17102
160,Odisha,Mayurbhanj,1.17882,0.07833,6.73632,0.61517,0.6929,0.19948,0.41601
161,Odisha,Nabarangapur,0.51207,0.08658,3.64281,0.19608,1.0222200000000001,0.16708,0.18059
162,Odisha,Nuapada,0.14806999999999998,0.58143,5.03836,0.24098,0.47262,0.18264,0.15099
163,Odisha,Nayagarh,0.91291,1.29667,10.69992,1.18671,2.8432,0.21073,2.0101400000000003
164,Odisha,Puri,0.64425,3.77706,3.1671199999999997,1.49982,3.15318,0.18214,2.4723699999999997
165,Odisha,Rayagada,0.24446,0.038939999999999995,4.47293,0.41813,0.96014,0.15466,0.19204
166,Odisha,Sambalpur,0.95013,0.6293200000000001,8.917969999999999,1.1113,1.20252,0.18719,0.41919999999999996
167,Odisha,Sonapur,0.37689,0.73903,3.77781,0.42736,1.13626,0.12833,0.30262
168,Odisha,Sundargarh,0.6975,0.47687999999999997,5.232,1.02421,2.16115,0.24978999999999998,0.21878
169,Rajasthan,Ajmer,0.213,0.413,2.253,1.004,1.813,0.236,0.693
170,Rajasthan,Alwar,0.156,1.678,2.316,0.167,0.444,0.128,0.236
171,Rajasthan,Banswara,0.221,1.527,0.587,0.217,0.406,0.095,0.237
172,Rajasthan,Baran,0.112,1.377,4.738,0.258,0.982,0.14,0.617
173,Rajasthan,Barmer,0.087,2.503,3.429,0.28,0.78,0.116,0.513
174,Rajasthan,Bharatpur,0.256,1.735,3.935,0.135,0.516,0.195,0.724
175,Rajasthan,Bhilwara,0.185,2.053,2.476,0.334,1.102,0.186,0.792
176,Rajasthan,Bikaner,0.149,0.796,2.343,0.791,0.925,0.103,0.97
177,Rajasthan,Bundi,0.176,1.378,2.173,0.307,0.923,0.236,0.843
178,Rajasthan,Chittaurgarh,2.551,2.382,4.287,0.517,0.989,0.138,0.558
179,Rajasthan,Churu,0.231,1.836,1.77,0.195,0.221,0.148,0.548
180,Rajasthan,Dausa,0.58,2.235,5.879,0.089,0.475,0.341,1.32
181,Rajasthan,Dhaulpur,0.281,1.991,2.168,0.221,0.428,0.245,0.586
182,Rajasthan,Dungarpur,0.051,0.317,2.022,0.362,0.812,0.129,0.423
183,Rajasthan,Ganganagar,0.256,2.868,2.707,1.275,1.279,0.17,0.572
184,Rajasthan,Hanumangarh,0.606,2.222,2.342,0.635,0.336,0.18,0.513
185,Rajasthan,Jaipur,0.32,2.466,2.815,0.725,1.096,0.278,1.033
186,Rajasthan,Jaisalmer,0.047,0.104,6.7,0.343,0.66,0.094,0.45
187,Rajasthan,Jalor,0.238,1.25,3.283,0.252,0.88,0.142,0.966
188,Rajasthan,Jhalawar,1.129,0.923,4.988,0.397,1.216,0.135,0.605
189,Rajasthan,Jhunjhunun,0.182,0.753,1.266,0.324,0.48,0.177,0.532
190,Rajasthan,Jodhpur,0.256,1.19,1.702,0.545,1.087,0.102,0.579
191,Rajasthan,Karauli,0.115,3.266,1.55,0.25,0.914,0.296,0.64
192,Rajasthan,Kota,0.106,0.947,1.927,0.827,1.852,0.179,0.585
193,Rajasthan,Nagaur,0.029,0.08,0.611,0.129,0.19,0.105,0.553
194,Rajasthan,Pali,0.396,1.466,2.788,0.629,1.529,0.249,1.087
195,Rajasthan,Rajsamand,2.56,2.908,3.525,0.485,0.784,0.189,0.523
196,Rajasthan,Sawai Madhopur,0.059,2.061,1.994,0.314,1.011,0.174,0.449
197,Rajasthan,Sikar,0.317,3.101,2.012,0.229,0.42,0.208,0.81
198,Rajasthan,Sirohi,0.45,1.083,3.264,0.358,1.006,0.159,0.827
199,Rajasthan,Tonk,0.042,2.248,6.381,0.251,0.73,0.162,0.498
200,Rajasthan,Udaipur,0.412,1.745,4.004,0.497,0.972,0.255,0.478
201,Uttar Pradesh,Agra,0.52424,17.22551,1.2010699999999999,0.45423,0.92149,0.23268,1.17397
202,Uttar Pradesh,Aligarh,0.5403600000000001,10.21194,2.60118,0.35717000000000004,0.8601,0.25615,1.6283299999999998
203,Uttar Pradesh,Allahabad,1.05606,3.52072,2.1441,0.66755,0.7561100000000001,0.33198,0.53
204,Uttar Pradesh,Ambedkar Nagar,0.61952,13.055719999999999,1.71898,0.49861,0.7948,0.34557,0.52815
205,Uttar Pradesh,Auraiya,0.96802,0.47529000000000005,3.643,0.23425,0.40738,0.39564,1.10551
206,Uttar Pradesh,Azamgarh,0.33697000000000005,13.69341,5.33147,0.7719,1.2599500000000001,0.43007999999999996,0.98268
207,Uttar Pradesh,Baghpat,0.47213,9.06557,4.76704,0.33706,0.8951699999999999,0.31999,1.5328499999999998
208,Uttar Pradesh,Bahraich,1.62995,0.33867,1.75564,0.14814,0.32991000000000004,0.24196,0.59627
209,Uttar Pradesh,Ballia,0.75424,5.59978,1.19955,0.9554900000000001,0.98739,0.33972,0.46541000000000005
210,Uttar Pradesh,Balrampur,0.34904,7.3267299999999995,0.69984,0.38518,0.82889,0.23232,0.49542
211,Uttar Pradesh,Banda,0.40934,0.27772,3.4200500000000003,0.22834000000000002,0.48104,0.6332000000000001,0.8518600000000001
212,Uttar Pradesh,Barabanki,0.64013,2.94143,4.14715,0.22212,0.53725,0.37707999999999997,0.69637
213,Uttar Pradesh,Bareilly,0.28332,13.296100000000001,4.93071,0.47637999999999997,0.84346,0.35044,1.5916700000000001
214,Uttar Pradesh,Basti,1.14632,4.4798800000000005,1.74723,0.73163,1.0712000000000002,0.28011,0.77707
215,Uttar Pradesh,Bijnor,0.45509,6.89299,7.46546,0.49318,0.57755,0.37618,1.3868099999999999
216,Uttar Pradesh,Budaun,0.5700700000000001,22.52357,3.7906500000000003,0.17239,0.25201,0.47087,1.5414100000000002
217,Uttar Pradesh,Bulandshahar,0.34038,14.332799999999999,6.625229999999999,0.51251,1.04481,0.35273000000000004,1.72806
218,Uttar Pradesh,Chandauli,0.7101000000000001,10.375440000000001,6.7874099999999995,0.49621,1.05179,0.38773,0.82392
219,Uttar Pradesh,Chitrakoot,0.62237,0.18463,2.24102,0.10634,0.30432,0.48710000000000003,0.42419999999999997
220,Uttar Pradesh,Deoria,0.75825,6.35109,0.94867,0.8962899999999999,1.52552,0.23733,0.59348
221,Uttar Pradesh,Etah,0.43886000000000003,23.65191,2.7371999999999996,0.21002,0.29569999999999996,0.30933999999999995,1.44949
222,Uttar Pradesh,Etawah,0.5581499999999999,0.94009,2.03959,0.15525999999999998,0.38111,0.24436000000000002,0.26053
223,Uttar Pradesh,Faizabad,0.86782,6.32629,1.4705899999999998,0.7615700000000001,1.00749,0.29233,1.9976800000000001
224,Uttar Pradesh,Farrukhabad,0.9419299999999999,1.6142,2.8639099999999997,0.25013,0.31756,0.35446,0.48135
225,Uttar Pradesh,Fatehpur,0.26127,2.16509,3.0055300000000003,0.18314,0.27044999999999997,0.51135,0.70959
226,Uttar Pradesh,Firozabad,0.22231,8.83833,2.8082,0.23503,0.21996000000000002,0.18858000000000003,1.09715
227,Uttar Pradesh,Gautam Buddha Nagar,0.47942,12.67469,5.53198,0.5628099999999999,0.79099,0.22959000000000002,1.1999900000000001
228,Uttar Pradesh,Ghaziabad,0.33808,13.45002,3.4881599999999997,0.89146,1.21489,0.29058,1.09181
229,Uttar Pradesh,Ghazipur,0.39191000000000004,10.29354,7.58535,0.59133,0.9858899999999999,0.28068,0.5468200000000001
230,Uttar Pradesh,Gonda,1.11669,0.85391,2.4437699999999998,0.19063,0.41046,0.29016000000000003,0.50319
231,Uttar Pradesh,Gorakhpur,1.21438,3.68524,1.37058,1.18568,1.6855499999999999,0.28543,0.3367
232,Uttar Pradesh,Hamirpur,0.11763,1.77438,0.72038,0.24079,0.32127999999999995,0.2974,0.25735
233,Uttar Pradesh,Hardoi,0.80323,1.37506,3.81901,0.19629,0.38191,0.67187,0.5917899999999999
234,Uttar Pradesh,Hathras,0.69504,12.175360000000001,2.76902,0.33343,0.66034,0.44779,1.62862
235,Uttar Pradesh,Jalaun,0.06613,1.05295,0.6578099999999999,0.28634,0.49585,0.37701999999999997,0.91727
236,Uttar Pradesh,Jaunpur,0.36768,6.16132,1.06222,0.63842,0.76089,0.33863,0.5603400000000001
237,Uttar Pradesh,Jhansi,0.16961,1.10957,1.66143,0.44689,0.76727,0.16784000000000002,0.30651
238,Uttar Pradesh,Jyotiba Phule Nagar,0.34481,8.15009,5.49234,0.41518,0.49969,0.24374,1.29664
239,Uttar Pradesh,Kannauj,0.50088,16.483810000000002,4.07869,0.18314,0.60194,0.33934,1.8585399999999999
240,Uttar Pradesh,Kanpur Dehat,0.10561,1.12458,4.51786,0.18402000000000002,0.44827999999999996,0.28791,0.6426900000000001
241,Uttar Pradesh,Kanpur Nagar,0.18730000000000002,4.411479999999999,3.23088,0.6321599999999999,0.80992,0.33039999999999997,0.43363
242,Uttar Pradesh,Kaushambi,0.748,4.53194,3.02286,0.31788,0.38613,0.47775,0.6170599999999999
243,Uttar Pradesh,Kheri,2.01945,1.73549,3.57546,0.23194,0.42888,0.38345,0.5815499999999999
244,Uttar Pradesh,Kushinagar,0.81352,6.5438,1.4674800000000001,0.67436,1.03318,0.32704,0.45852
245,Uttar Pradesh,Lalitpur,0.24258000000000002,0.89907,2.89684,0.13159,0.16061,0.19228,0.07945999999999999
246,Uttar Pradesh,Lucknow,0.64585,2.1661599999999996,3.29344,0.77597,1.24735,0.27779000000000004,0.45626
247,Uttar Pradesh,Maharajganj,0.98642,5.54677,1.2553599999999998,0.67175,1.19674,0.25595,1.0554700000000001
248,Uttar Pradesh,Mahoba,0.07336,0.20739,1.5704,0.26063,0.36017,0.26604,0.48056
249,Uttar Pradesh,Mainpuri,0.3409,12.06516,2.35027,0.2675,0.29233,0.2401,2.03222
250,Uttar Pradesh,Mathura,0.44164,17.54194,2.3251500000000003,0.48237,1.165,0.26997000000000004,1.6313199999999999
251,Uttar Pradesh,Mau,1.3868900000000002,10.26462,8.17346,0.72541,1.27007,0.39382,0.70045
252,Uttar Pradesh,Meerut,0.61073,11.48842,3.5834699999999997,0.58973,0.8352999999999999,0.44744,1.33274
253,Uttar Pradesh,Mirzapur,0.45377,4.3211,2.88494,0.5192599999999999,0.56638,0.38394,0.5552999999999999
254,Uttar Pradesh,Moradabad,0.64889,5.2772,4.83698,0.33514,0.33652,0.36489,1.19472
255,Uttar Pradesh,Muzaffarnagar,0.36882,18.09589,2.01936,0.5125,1.20932,0.38062,1.46974
256,Uttar Pradesh,Pilibhit,0.67196,14.40966,6.48912,0.44852,0.74483,0.45066,1.6487
257,Uttar Pradesh,Pratapgarh,0.99963,3.8886100000000003,6.1481,0.5027699999999999,0.80084,0.33186,0.5300199999999999
258,Uttar Pradesh,Rae Bareli,1.2691700000000001,0.40008,3.82323,0.15228999999999998,0.3388,0.29469999999999996,0.29397
259,Uttar Pradesh,Rampur,0.4754,30.68311,3.86243,0.36724,0.51087,0.44445999999999997,1.48678
260,Uttar Pradesh,Saharanpur,0.31045,9.265379999999999,4.3768,0.66228,1.1008499999999999,0.30201,1.1224100000000001
261,Uttar Pradesh,Sant Kabir Nagar,0.7576499999999999,5.04463,0.98181,0.5814900000000001,0.88418,0.29502,0.39755
262,Uttar Pradesh,Sant Ravidas Nagar (Bhadohi),0.50936,3.44474,0.9709800000000001,0.4721,0.58208,0.38737,0.60937
263,Uttar Pradesh,Shahjahanpur,0.42156,14.70583,2.97998,0.31671,0.56065,0.39279000000000003,1.64124
264,Uttar Pradesh,Shrawasti,0.37716000000000005,10.80739,1.81751,0.27141000000000004,0.64283,0.25801999999999997,0.70924
265,Uttar Pradesh,Siddharthnagar,0.44683,7.89929,0.9501499999999999,0.44172,0.7505499999999999,0.22491,0.39791000000000004
266,Uttar Pradesh,Sitapur,0.84692,4.65778,2.2407399999999997,0.22144999999999998,0.44225,0.3973,0.73154
267,Uttar Pradesh,Sonbhadra,0.34423000000000004,6.35023,12.08049,0.60593,0.8974,0.2783,0.25337
268,Uttar Pradesh,Sultanpur,0.25916,3.212,2.90314,0.20186,0.57255,0.36372000000000004,0.31636000000000003
269,Uttar Pradesh,Unnao,0.25242,0.88628,2.21196,0.2464,0.49224,0.38189,0.70773
270,Uttar Pradesh,Varanasi,0.9192899999999999,3.86057,8.09625,1.1018,1.20173,0.45197000000000004,0.74925
271,Uttarakhand,Almora,0.16234,0.46282,0.95972,0.32379,0.61978,0.0574,1.0225
272,Uttarakhand,Bageshwar,0.23096,1.12336,2.71666,0.24715,0.50366,0.12462999999999999,1.25567
273,Uttarakhand,Chamoli,0.061829999999999996,1.87228,2.4976700000000003,0.29112,0.44955,0.06698,0.91199
274,Uttarakhand,Champawat,0.15884,1.1624100000000002,1.24544,0.6173099999999999,1.11187,0.22743,1.73279
275,Uttarakhand,Dehradun,0.45246,2.9452,1.9333,2.1727600000000002,3.2485500000000003,0.22959000000000002,0.70436
276,Uttarakhand,Haridwar,0.48617,4.181,22.034119999999998,1.1290799999999999,1.34917,0.37245999999999996,0.68267
277,Uttarakhand,Nainital,0.4204,1.4995399999999999,2.70859,1.05357,1.05357,0.12991,0.58816
278,Uttarakhand,Pauri Garhwal,0.37363999999999997,1.52477,1.6576199999999999,1.27928,1.7412100000000001,0.20159,0.7089099999999999
279,Uttarakhand,Pithoragarh,0.21838999999999997,0.7155499999999999,2.03796,0.45993,1.23284,0.09762,1.8427200000000001
280,Uttarakhand,Rudraprayag,0.04391,2.74051,3.2681799999999996,0.22863,0.50874,0.06662,0.80853
281,Uttarakhand,Tehri Garhwal,0.31310000000000004,4.6818100000000005,2.41848,0.69663,1.29206,0.31175,1.1402
282,Uttarakhand,Udham Singh Nagar,0.23621,0.52144,1.66795,0.55041,0.5949800000000001,0.1805,0.5949800000000001
283,Uttarakhand,Uttarkashi,1.25586,0.8951,5.05282,0.54526,0.97691,0.19581,0.67295
